k,recall@k,hit@k,mrr@k,precision@k,ndcg@k,level_consistency,avg_retrieved_count
5,0.18672268907563028,0.5,0.2538888888888889,0.19222222222222224,0.8134165387538018,0.9666666666666667,4.066666666666666
10,0.3042623716153127,0.6333333333333333,0.2131746031746032,0.14387566137566138,0.6861887701061246,1.0,7.9
20,0.42350840336134454,0.7333333333333333,0.183994708994709,0.09840913558405817,0.5912358906992335,1.0,14.833333333333334
30,0.47158029878618113,0.7333333333333333,0.16505291005291006,0.08494404666718357,0.5782740613227707,1.0,21.133333333333333
50,0.5135410830999066,0.7333333333333333,0.11842409343921746,0.06100450163232699,0.5396441787138478,1.0,33.0
70,0.5333823529411764,0.7666666666666667,0.10439982642285305,0.0481833389446967,0.49774976509376334,1.0,44.833333333333336
80,0.5503664799253034,0.8,0.09417858307971225,0.045602164736275215,0.46148843548662827,1.0,50.733333333333334
100,0.5803664799253034,0.8,0.08356234129147945,0.03879065653914117,0.4476309369577246,1.0,61.53333333333333
